franja_horaria,linea,prediccion,real
10:00,Línea 11,17.482587814331055,15.0
10:00,Línea 12,20.906187057495117,20.0
12:00,Línea 11,7.752631664276123,8.0
12:00,Línea 12,7.077782154083252,9.0
16:00,Línea 11,18.8096923828125,18.0
16:00,Línea 12,23.05853843688965,23.0
20:00,Línea 11,6.427424430847168,6.0
20:00,Línea 12,5.254091739654541,6.0
