franja_horaria,linea,prediccion,real
10:00,Línea 11,14.994645118713379,15.0
10:00,Línea 12,19.999643325805664,20.0
12:00,Línea 11,8.00033950805664,8.0
12:00,Línea 12,8.99964714050293,9.0
16:00,Línea 11,18.00041389465332,18.0
16:00,Línea 12,23.00094223022461,23.0
20:00,Línea 11,5.9995927810668945,6.0
20:00,Línea 12,5.999891757965088,6.0
