franja_horaria,linea,prediccion,real
10:00,Línea 11,15.00047779083252,15.0
10:00,Línea 12,19.996326446533203,20.0
12:00,Línea 11,7.999678134918213,8.0
12:00,Línea 12,9.000909805297852,9.0
16:00,Línea 11,18.007766723632812,18.0
16:00,Línea 12,22.99958038330078,23.0
20:00,Línea 11,5.999909400939941,6.0
20:00,Línea 12,6.000179290771484,6.0
