franja_horaria,linea,prediccion,real
10:00,Línea 11,15.991721153259277,15.0
10:00,Línea 12,20.262020111083984,20.0
12:00,Línea 11,7.132500648498535,8.0
12:00,Línea 12,8.256327629089355,9.0
16:00,Línea 11,19.867155075073242,18.0
16:00,Línea 12,22.916793823242188,23.0
20:00,Línea 11,6.951080322265625,6.0
20:00,Línea 12,6.245883941650391,6.0
